name,radius,spineCount,sectionLength,spineDensity
Aug3b-basal,20,70,233.185762,0.300190
Aug3b-basal,40,180,364.039688,0.494452
Aug3b-basal,60,226,402.575377,0.561386
Aug3b-basal,80,234,362.297574,0.645878
Aug3b-basal,100,165,304.546873,0.541789
Aug3b-basal,120,121,224.410645,0.539190
Aug3b-basal,140,81,141.475379,0.572538
Aug3b-basal,160,21,31.518746,0.666270
Aug3a-apical,20,19,16.135699,1.177513
Aug3a-apical,40,44,32.883323,1.338064
Aug3a-apical,60,42,92.795952,0.452606
Aug3a-apical,80,104,182.900602,0.568615
Aug3a-apical,100,141,241.904735,0.582874
Aug3a-apical,120,156,307.851534,0.506738
Aug3a-apical,140,161,295.366024,0.545086
Aug3a-apical,160,104,236.979726,0.438856
Aug3a-apical,180,116,217.359601,0.533678
Aug3a-apical,200,96,208.475987,0.460485
Aug3a-apical,220,78,207.710754,0.375522
Aug3a-apical,240,75,203.135729,0.369211
Aug3a-apical,260,65,181.844906,0.357447
Aug3a-apical,280,67,168.366402,0.397942
Aug3a-apical,300,56,122.873728,0.455752
Aug3a-apical,320,30,58.143958,0.515961
Aug3a-apical,340,27,40.000000,0.675000
Aug3a-apical,360,13,22.730391,0.571922
Aug3a-apical,380,8,20.000000,0.400000
Aug3a-apical,400,9,20.000000,0.450000
Aug3a-apical,420,9,20.000000,0.450000
Aug3a-apical,440,18,20.000000,0.900000
Aug3b-apical,20,4,21.526011,0.185822
Aug3b-apical,40,32,72.982428,0.438462
Aug3b-apical,60,93,170.112808,0.546696
Aug3b-apical,80,144,194.765744,0.739350
Aug3b-apical,100,162,210.936069,0.768005
Aug3b-apical,120,136,217.948903,0.623999
Aug3b-apical,140,145,230.126605,0.630088
Aug3b-apical,160,161,246.366474,0.653498
Aug3b-apical,180,129,251.751565,0.512410
Aug3b-apical,200,89,166.384226,0.534906
Aug3b-apical,220,55,130.047295,0.422923
Aug3b-apical,240,60,97.695430,0.614154
Aug3b-apical,260,49,121.029975,0.404858
Aug3b-apical,280,71,140.000000,0.507143
Aug3b-apical,300,73,126.689999,0.576210
Aug3b-apical,320,41,91.824147,0.446506
Aug3b-apical,340,30,51.761781,0.579578
Aug3b-apical,360,33,40.000000,0.825000
Aug3b-apical,380,31,36.507858,0.849132
Aug3b-apical,400,12,15.929317,0.753328
Aug3a-basal,20,64,210.196588,0.304477
Aug3a-basal,40,210,498.119155,0.421586
Aug3a-basal,60,290,539.438646,0.537596
Aug3a-basal,80,285,485.944841,0.586486
Aug3a-basal,100,243,432.608583,0.561709
Aug3a-basal,120,242,369.211706,0.655451
Aug3a-basal,140,180,332.565230,0.541247
Aug3a-basal,160,103,203.071074,0.507212
Aug3a-basal,180,65,92.738569,0.700895
Aug3c-basal,20,23,234.859006,0.097931
Aug3c-basal,40,122,427.683010,0.285258
Aug3c-basal,60,152,463.997052,0.327588
Aug3c-basal,80,132,409.368013,0.322448
Aug3c-basal,100,103,291.194683,0.353715
Aug3c-basal,120,78,229.256609,0.340230
Aug3c-basal,140,45,152.455943,0.295167
Aug3c-basal,160,22,68.952368,0.319061
Aug3e-basal,20,27,159.520474,0.169257
Aug3e-basal,40,177,532.645868,0.332303
Aug3e-basal,60,350,745.463210,0.469507
Aug3e-basal,80,359,764.838627,0.469380
Aug3e-basal,100,339,670.199307,0.505820
Aug3e-basal,120,318,637.651739,0.498705
Aug3e-basal,140,253,604.145469,0.418773
Aug3e-basal,160,197,487.348894,0.404228
Aug3e-basal,180,117,286.989737,0.407680
Aug3e-basal,200,28,71.160045,0.393479
Aug3e-apical,20,10,20.000000,0.500000
Aug3e-apical,40,7,31.540981,0.221933
Aug3e-apical,60,41,107.099308,0.382822
Aug3e-apical,80,130,205.599396,0.632298
Aug3e-apical,100,189,322.557141,0.585943
Aug3e-apical,120,197,358.781897,0.549080
Aug3e-apical,140,175,352.739846,0.496116
Aug3e-apical,160,123,288.109249,0.426921
Aug3e-apical,180,119,245.118755,0.485479
Aug3e-apical,200,72,157.552157,0.456992
Aug3e-apical,220,62,107.284710,0.577902
Aug3e-apical,240,48,100.000000,0.480000
Aug3e-apical,260,40,100.000000,0.400000
Aug3e-apical,280,28,62.394895,0.448755
Aug3e-apical,300,30,49.166529,0.610171
Aug3e-apical,320,24,60.000000,0.400000
Aug3e-apical,340,23,57.748900,0.398276
Aug3e-apical,360,31,59.959184,0.517018
Aug3e-apical,380,51,96.986515,0.525846
Aug3e-apical,400,57,100.000000,0.570000
Aug3e-apical,420,67,100.881969,0.664142
Aug3e-apical,440,92,120.000000,0.766667
Aug3e-apical,460,72,141.978030,0.507121
Aug3e-apical,480,81,168.171977,0.481650
Aug3e-apical,500,92,174.024961,0.528660
Aug3e-apical,520,91,160.000000,0.568750
Aug3e-apical,540,86,160.000000,0.537500
Aug3e-apical,560,97,175.776794,0.551836
Aug3e-apical,580,102,176.479483,0.577971
Aug3e-apical,600,92,172.400367,0.533642
Aug3e-apical,620,71,98.264326,0.722541
Aug3e-apical,640,31,72.463087,0.427804
Aug3e-apical,660,45,60.386299,0.745202
Aug3e-apical,680,15,20.000000,0.750000
Aug3c-apical,20,0,14.766657,0.000000
Aug3c-apical,40,2,26.967413,0.074164
Aug3c-apical,60,23,93.655006,0.245582
Aug3c-apical,80,53,146.425472,0.361959
Aug3c-apical,100,74,171.999175,0.430235
Aug3c-apical,120,72,188.794599,0.381367
Aug3c-apical,140,108,233.571449,0.462385
Aug3c-apical,160,103,243.660851,0.422719
Aug3c-apical,180,89,239.977781,0.370868
Aug3c-apical,200,87,229.741475,0.378687
Aug3c-apical,220,103,253.102848,0.406949
Aug3c-apical,240,90,270.490140,0.332729
Aug3c-apical,260,98,230.549768,0.425071
Aug3c-apical,280,100,236.670565,0.422528
Aug3c-apical,300,122,280.437715,0.435034
Aug3c-apical,320,127,305.816493,0.415282
Aug3c-apical,340,140,308.492595,0.453820
Aug3c-apical,360,128,264.478722,0.483971
Aug3c-apical,380,122,195.681016,0.623464
Aug3c-apical,400,125,160.124545,0.780642
Aug3c-apical,420,104,163.250564,0.637058
Aug3c-apical,440,88,130.164471,0.676068
Aug3c-apical,460,59,90.018902,0.655418
Aug3c-apical,480,28,55.205194,0.507199
Aug3c-apical,500,7,15.527638,0.450809
Aug3g-apical,20,1,18.462824,0.054163
Aug3g-apical,40,28,62.898887,0.445159
Aug3g-apical,60,107,188.709018,0.567011
Aug3g-apical,80,163,249.330168,0.653752
Aug3g-apical,100,160,265.954451,0.601607
Aug3g-apical,120,148,268.649501,0.550904
Aug3g-apical,140,145,261.464603,0.554568
Aug3g-apical,160,125,214.222751,0.583505
Aug3g-apical,180,81,174.677796,0.463711
Aug3g-apical,200,61,114.809140,0.531317
Aug3g-apical,220,58,120.000000,0.483333
Aug3g-apical,240,80,156.210512,0.512129
Aug3g-apical,260,88,205.031503,0.429202
Aug3g-apical,280,89,213.816263,0.416245
Aug3g-apical,300,95,240.000000,0.395833
Aug3g-apical,320,74,212.756324,0.347816
Aug3g-apical,340,71,180.182918,0.394044
Aug3g-apical,360,50,143.871878,0.347531
Aug3g-apical,380,43,99.925720,0.430320
Aug3g-apical,400,16,52.671242,0.303771
Aug3g-apical,420,6,10.076582,0.595440
Aug3f-basal,20,65,206.466956,0.314820
Aug3f-basal,40,199,554.998387,0.358560
Aug3f-basal,60,350,771.677974,0.453557
Aug3f-basal,80,304,755.500065,0.402382
Aug3f-basal,100,226,603.286219,0.374615
Aug3f-basal,120,193,502.180900,0.384324
Aug3f-basal,140,140,375.783442,0.372555
Aug3f-basal,160,87,259.293541,0.335527
Aug3f-basal,180,42,111.173158,0.377789
Feb27f-apical,20,0,33.106289,0.000000
Feb27f-apical,40,0,51.120293,0.000000
Feb27f-apical,60,6,72.848437,0.082363
Feb27f-apical,80,10,31.465272,0.317811
Feb27f-apical,100,3,20.000000,0.150000
Feb27f-apical,120,20,20.000000,1.000000
Feb27f-apical,140,24,21.061837,1.139502
Feb27f-apical,160,23,53.427905,0.430487
Feb27f-apical,180,45,68.172513,0.660090
Feb27f-apical,200,60,114.649901,0.523332
Feb27f-apical,220,54,142.815489,0.378110
Feb27f-apical,240,65,168.753654,0.385177
Feb27f-apical,260,85,182.685811,0.465280
Feb27f-apical,280,101,171.907642,0.587525
Feb27f-apical,300,86,146.974292,0.585136
Feb27f-apical,320,72,124.542513,0.578116
Feb27f-apical,340,47,95.950436,0.489836
Feb27f-apical,360,35,61.302758,0.570937
Feb27f-apical,380,18,42.151650,0.427030
Feb27f-apical,400,10,25.058463,0.399067
Aug3g-basal,20,73,308.612832,0.236542
Aug3g-basal,40,188,510.011194,0.368619
Aug3g-basal,60,254,536.077123,0.473812
Aug3g-basal,80,241,493.019020,0.488825
Aug3g-basal,100,193,389.952122,0.494933
Aug3g-basal,120,108,242.385731,0.445571
Aug3g-basal,140,42,109.576981,0.383292
Aug3f-apical,20,34,22.619665,1.503117
Aug3f-apical,40,33,59.083130,0.558535
Aug3f-apical,60,47,137.873990,0.340891
Aug3f-apical,80,129,263.750405,0.489099
Aug3f-apical,100,143,304.701141,0.469312
Aug3f-apical,120,166,338.387779,0.490561
Aug3f-apical,140,108,250.623745,0.430925
Aug3f-apical,160,100,230.780700,0.433312
Aug3f-apical,180,94,216.208708,0.434765
Aug3f-apical,200,63,138.307975,0.455505
Aug3f-apical,220,74,140.000000,0.528571
Aug3f-apical,240,66,138.329483,0.477122
Aug3f-apical,260,68,160.000000,0.425000
Aug3f-apical,280,61,150.959500,0.404082
Aug3f-apical,300,61,125.820346,0.484818
Aug3f-apical,320,39,85.087497,0.458352
Aug3f-apical,340,34,69.307721,0.490566
Aug3f-apical,360,36,60.000000,0.600000
Aug3f-apical,380,34,60.000000,0.566667
Aug3f-apical,400,36,76.429495,0.471022
Aug3f-apical,420,29,100.000000,0.290000
Aug3f-apical,440,34,100.000000,0.340000
Aug3f-apical,460,35,92.002585,0.380424
Aug3f-apical,480,35,100.000000,0.350000
Aug3f-apical,500,36,126.962919,0.283547
Aug3f-apical,520,38,140.000000,0.271429
Aug3f-apical,540,35,142.998803,0.244757
Aug3f-apical,560,46,160.000000,0.287500
Aug3f-apical,580,42,156.027599,0.269183
Aug3f-apical,600,30,116.818251,0.256809
Aug3f-apical,620,14,74.637915,0.187572
Aug3f-apical,640,5,15.559074,0.321356
Feb27n-apical,20,4,16.707594,0.239412
Feb27n-apical,40,31,69.741221,0.444500
Feb27n-apical,60,105,159.631890,0.657763
Feb27n-apical,80,153,237.498344,0.644215
Feb27n-apical,100,201,299.184080,0.671827
Feb27n-apical,120,244,351.460140,0.694247
Feb27n-apical,140,239,349.500641,0.683833
Feb27n-apical,160,260,340.590900,0.763379
Feb27n-apical,180,248,323.093375,0.767580
Feb27n-apical,200,255,327.014813,0.779781
Feb27n-apical,220,224,301.032020,0.744107
Feb27n-apical,240,212,271.014348,0.782246
Feb27n-apical,260,240,309.828521,0.774622
Feb27n-apical,280,212,307.972098,0.688374
Feb27n-apical,300,153,315.799833,0.484484
Feb27n-apical,320,140,270.930880,0.516737
Feb27n-apical,340,80,176.216368,0.453987
Feb27n-apical,360,66,112.502131,0.586656
Feb27n-apical,380,35,71.443654,0.489897
Feb27n-apical,400,24,40.000000,0.600000
Feb27n-apical,420,24,33.111663,0.724820
Feb27n-basal,20,144,289.356442,0.497656
Feb27n-basal,40,331,481.205344,0.687856
Feb27n-basal,60,372,534.392503,0.696118
Feb27n-basal,80,383,501.098302,0.764321
Feb27n-basal,100,333,480.000000,0.693750
Feb27n-basal,120,284,460.537562,0.616671
Feb27n-basal,140,244,387.507123,0.629666
Feb27n-basal,160,152,291.341916,0.521724
Feb27n-basal,180,81,149.971844,0.540101
Feb27n-basal,200,15,25.920240,0.578698
Dec15e-apical,20,0,16.682631,0.000000
Dec15e-apical,40,7,56.305851,0.124321
Dec15e-apical,60,41,117.402557,0.349226
Dec15e-apical,80,77,200.176584,0.384660
Dec15e-apical,100,103,227.523355,0.452701
Dec15e-apical,120,122,278.829832,0.437543
Dec15e-apical,140,172,373.750929,0.460200
Dec15e-apical,160,159,375.548259,0.423381
Dec15e-apical,180,199,407.088498,0.488837
Dec15e-apical,200,179,359.312122,0.498174
Dec15e-apical,220,175,329.982825,0.530331
Dec15e-apical,240,198,376.155997,0.526377
Dec15e-apical,260,155,337.097395,0.459808
Dec15e-apical,280,158,321.720769,0.491109
Dec15e-apical,300,137,300.797347,0.455456
Dec15e-apical,320,108,288.392656,0.374489
Dec15e-apical,340,88,241.284552,0.364715
Dec15e-apical,360,64,164.494792,0.389070
Dec15e-apical,380,37,101.507574,0.364505
Dec15e-apical,400,15,67.900396,0.220912
Dec15e-apical,420,17,47.890693,0.354975
Dec15e-apical,440,5,20.000000,0.250000
Dec15e-basal,20,41,234.394605,0.174919
Dec15e-basal,40,197,533.113428,0.369527
Dec15e-basal,60,221,599.306603,0.368759
Dec15e-basal,80,207,552.672438,0.374544
Dec15e-basal,100,194,522.573538,0.371240
Dec15e-basal,120,189,453.088201,0.417137
Dec15e-basal,140,146,404.516464,0.360925
Dec15e-basal,160,130,315.137551,0.412518
Dec15e-basal,180,77,152.560208,0.504719
Dec15e-basal,200,28,57.870431,0.483839
May31d-apical,20,37,37.441514,0.988208
May31d-apical,40,55,67.876942,0.810290
May31d-apical,60,119,113.552808,1.047971
May31d-apical,80,261,170.157545,1.533873
May31d-apical,100,260,184.901700,1.406153
May31d-apical,120,220,219.355131,1.002940
May31d-apical,140,219,201.757821,1.085460
May31d-apical,160,234,201.684049,1.160231
May31d-apical,180,202,180.506813,1.119071
May31d-apical,200,195,175.516520,1.111007
May31d-apical,220,171,160.000000,1.068750
May31d-apical,240,177,160.819024,1.100616
May31d-apical,260,111,107.670523,1.030923
May31d-apical,280,118,140.451159,0.840150
May31d-apical,300,149,165.167764,0.902113
May31d-apical,320,173,171.002651,1.011680
May31d-apical,340,172,193.253653,0.890022
May31d-apical,360,140,169.375636,0.826565
May31d-apical,380,135,164.118091,0.822578
May31d-apical,400,126,145.397597,0.866589
May31d-apical,420,73,62.985336,1.159000
Jun7d-basal,20,70,122.801752,0.570024
Jun7d-basal,40,254,340.783182,0.745342
Jun7d-basal,60,442,380.524323,1.161555
Jun7d-basal,80,519,385.072248,1.347799
Jun7d-basal,100,581,386.884752,1.501739
Jun7d-basal,120,527,376.602852,1.399352
Jun7d-basal,140,411,323.113424,1.271999
Jun7d-basal,160,336,305.286170,1.100607
Jun7d-basal,180,259,264.431177,0.979461
Jun7d-basal,200,237,245.182679,0.966626
Jun7d-basal,220,208,222.506496,0.934804
Jun7d-basal,240,132,171.799253,0.768339
Jun7d-basal,260,73,104.752261,0.696882
Jun7d-basal,280,26,28.384966,0.915978
May31e-basal,20,57,91.757639,0.621202
May31e-basal,40,182,174.613537,1.042302
May31e-basal,60,673,346.654133,1.941416
May31e-basal,80,703,375.308356,1.873126
May31e-basal,100,689,307.057669,2.243878
May31e-basal,120,663,310.444227,2.135649
May31e-basal,140,617,288.299736,2.140134
May31e-basal,160,600,264.184991,2.271136
May31e-basal,180,530,250.224086,2.118101
May31e-basal,200,466,232.845500,2.001327
May31e-basal,220,411,211.365676,1.944497
May31e-basal,240,311,179.246373,1.735042
May31e-basal,260,229,143.975858,1.590544
May31e-basal,280,138,89.497607,1.541941
May31e-basal,300,24,11.489189,2.088920
Jun7d-apical,20,6,21.094491,0.284434
Jun7d-apical,40,22,56.744406,0.387703
Jun7d-apical,60,79,126.322619,0.625383
Jun7d-apical,80,168,157.716146,1.065205
Jun7d-apical,100,314,202.247444,1.552554
Jun7d-apical,120,294,210.853263,1.394335
Jun7d-apical,140,327,198.650404,1.646108
Jun7d-apical,160,329,214.390347,1.534584
Jun7d-apical,180,387,257.288262,1.504149
Jun7d-apical,200,324,244.095399,1.327350
Jun7d-apical,220,295,256.665411,1.149356
Jun7d-apical,240,343,261.288020,1.312728
Jun7d-apical,260,288,212.168654,1.357411
Jun7d-apical,280,203,177.276629,1.145103
Jun7d-apical,300,226,187.268486,1.206823
Jun7d-apical,320,218,197.968368,1.101186
Jun7d-apical,340,246,217.758223,1.129693
Jun7d-apical,360,203,194.785660,1.042171
Jun7d-apical,380,177,165.827437,1.067375
Jun7d-apical,400,187,160.000000,1.168750
Jun7d-apical,420,144,155.316823,0.927137
Jun7d-apical,440,153,143.907396,1.063184
Jun7d-apical,460,185,179.157596,1.032610
Jun7d-apical,480,171,165.135316,1.035514
Jun7d-apical,500,155,160.000000,0.968750
Jun7d-apical,520,129,163.550092,0.788749
Jun7d-apical,540,156,169.705800,0.919238
Jun7d-apical,560,171,180.000000,0.950000
Jun7d-apical,580,158,166.083992,0.951326
Jun7d-apical,600,117,127.205098,0.919774
Jun7d-apical,620,71,81.639051,0.869682
Jun7d-apical,640,62,68.489314,0.905251
Jun7d-apical,660,58,55.375078,1.047403
Jun7d-apical,680,33,30.300795,1.089080
Jun7d-apical,700,29,18.155883,1.597278
May3c-basal,20,149,149.108502,0.999272
May3c-basal,40,373,355.083024,1.050459
May3c-basal,60,637,411.362470,1.548513
May3c-basal,80,656,395.636655,1.658087
May3c-basal,100,653,360.000000,1.813889
May3c-basal,120,609,360.000000,1.691667
May3c-basal,140,578,347.985283,1.660990
May3c-basal,160,574,340.000000,1.688235
May3c-basal,180,450,284.542333,1.581487
May3c-basal,200,370,260.000000,1.423077
May3c-basal,220,274,202.143693,1.355471
May3c-basal,240,115,86.067569,1.336160
May3c-basal,260,8,11.983474,0.667586
May3c-apical,20,9,21.585523,0.416946
May3c-apical,40,29,52.896140,0.548244
May3c-apical,60,108,88.096310,1.225931
May3c-apical,80,237,183.372551,1.292451
May3c-apical,100,261,181.401119,1.438800
May3c-apical,120,271,195.989933,1.382724
May3c-apical,140,331,220.000000,1.504545
May3c-apical,160,322,243.276456,1.323597
May3c-apical,180,325,224.697675,1.446388
May3c-apical,200,361,244.807356,1.474629
May3c-apical,220,322,207.035869,1.555286
May3c-apical,240,294,203.287028,1.446231
May3c-apical,260,273,174.918293,1.560729
May3c-apical,280,307,180.000000,1.705556
May3c-apical,300,272,152.397395,1.784807
May3c-apical,320,217,132.611187,1.636363
May3c-apical,340,211,119.920288,1.759502
May3c-apical,360,192,103.654230,1.852312
May3c-apical,380,199,100.000000,1.990000
May3c-apical,400,178,100.000000,1.780000
May3c-apical,420,171,100.000000,1.710000
May3c-apical,440,191,116.567287,1.638539
May3c-apical,460,224,114.268458,1.960296
May3c-apical,480,202,117.763470,1.715303
May3c-apical,500,245,120.000000,2.041667
May3c-apical,520,240,128.327384,1.870217
May3c-apical,540,229,140.000000,1.635714
May3c-apical,560,264,140.000000,1.885714
May3c-apical,580,331,172.796376,1.915549
May3c-apical,600,379,201.163652,1.884038
May3c-apical,620,411,220.744506,1.861881
May3c-apical,640,423,240.000000,1.762500
May3c-apical,660,449,238.670813,1.881252
May3c-apical,680,353,220.000000,1.604545
May3c-apical,700,269,177.200482,1.518055
May3c-apical,720,169,113.007395,1.495477
May3c-apical,740,64,48.417228,1.321844
May3d-basal,20,117,253.884177,0.460840
May3d-basal,40,643,443.774223,1.448935
May3d-basal,60,985,505.420793,1.948871
May3d-basal,80,1003,503.217768,1.993173
May3d-basal,100,821,420.170589,1.953968
May3d-basal,120,605,338.935407,1.785001
May3d-basal,140,518,314.600863,1.646531
May3d-basal,160,446,295.439353,1.509616
May3d-basal,180,338,233.657335,1.446563
May3d-basal,200,125,109.619162,1.140312
May31e-apical,20,10,21.587366,0.463234
May31e-apical,40,49,40.000000,1.225000
May31e-apical,60,37,71.698013,0.516053
May31e-apical,80,145,125.414646,1.156165
May31e-apical,100,275,140.000000,1.964286
May31e-apical,120,313,152.707849,2.049665
May31e-apical,140,272,173.170796,1.570704
May31e-apical,160,269,140.000000,1.921429
May31e-apical,180,353,163.092607,2.164414
May31e-apical,200,360,197.894793,1.819148
May31e-apical,220,346,173.324433,1.996256
May31e-apical,240,361,205.466764,1.756975
May31e-apical,260,320,192.577393,1.661670
May31e-apical,280,321,200.000000,1.605000
May31e-apical,300,249,191.745953,1.298593
May31e-apical,320,184,137.507720,1.338107
May31e-apical,340,193,153.190580,1.259869
May31e-apical,360,262,178.693578,1.466197
May31e-apical,380,202,160.000000,1.262500
May31e-apical,400,188,137.831308,1.363986
May31e-apical,420,173,120.000000,1.441667
May31e-apical,440,195,137.272960,1.420527
May31e-apical,460,195,131.234092,1.485894
May31e-apical,480,147,129.566545,1.134552
May31e-apical,500,215,152.096157,1.413579
May31e-apical,520,159,168.143513,0.945621
May31e-apical,540,160,180.000000,0.888889
May31e-apical,560,148,160.110978,0.924359
May31e-apical,580,141,152.316359,0.925705
May31e-apical,600,149,160.000000,0.931250
May31e-apical,620,134,160.000000,0.837500
May31e-apical,640,164,169.654578,0.966670
May31e-apical,660,163,168.252325,0.968783
May31e-apical,680,170,180.000000,0.944444
May31e-apical,700,171,184.782546,0.925412
May31e-apical,720,133,170.876163,0.778341
May31e-apical,740,159,160.000000,0.993750
May31e-apical,760,139,147.752216,0.940764
May31e-apical,780,138,146.304225,0.943240
May31e-apical,800,77,112.062793,0.687115
May31e-apical,820,53,60.883533,0.870515
May31e-apical,840,45,40.000000,1.125000
May31e-apical,860,38,40.000000,0.950000
May31e-apical,880,26,23.713271,1.096432
May3d-apical,20,2,15.049140,0.132898
May3d-apical,40,15,42.768646,0.350724
May3d-apical,60,154,109.720327,1.403569
May3d-apical,80,429,213.454826,2.009793
May3d-apical,100,571,250.555891,2.278933
May3d-apical,120,611,279.684256,2.184606
May3d-apical,140,670,312.344437,2.145068
May3d-apical,160,627,300.000000,2.090000
May3d-apical,180,543,297.340715,1.826188
May3d-apical,200,509,280.000000,1.817857
May3d-apical,220,419,261.103210,1.604729
May3d-apical,240,317,186.905724,1.696042
May3d-apical,260,339,200.000000,1.695000
May3d-apical,280,310,171.874176,1.803645
May3d-apical,300,294,155.406777,1.891809
May3d-apical,320,287,149.552575,1.919058
May3d-apical,340,247,141.225014,1.748982
May3d-apical,360,216,104.744349,2.062164
May3d-apical,380,195,113.394656,1.719658
May3d-apical,400,202,114.958878,1.757150
May3d-apical,420,200,131.405680,1.522004
May3d-apical,440,239,160.000000,1.493750
May3d-apical,460,240,160.000000,1.500000
May3d-apical,480,279,160.000000,1.743750
May3d-apical,500,312,188.629042,1.654040
May3d-apical,520,323,199.884318,1.615935
May3d-apical,540,288,180.000000,1.600000
May3d-apical,560,282,182.826449,1.542446
May3d-apical,580,230,173.821904,1.323193
May3d-apical,600,228,153.649497,1.483897
May3d-apical,620,209,116.822586,1.789038
May3d-apical,640,138,80.748569,1.709009
May3d-apical,660,85,44.573340,1.906970
May3d-apical,680,22,18.733365,1.174375
May3g-basal,20,31,195.304285,0.158727
May3g-basal,40,184,443.599006,0.414789
May3g-basal,60,401,595.783441,0.673063
May3g-basal,80,469,658.111816,0.712645
May3g-basal,100,470,673.444636,0.697904
May3g-basal,120,393,602.881819,0.651869
May3g-basal,140,354,518.989986,0.682094
May3g-basal,160,289,405.385477,0.712902
May3g-basal,180,239,346.148455,0.690455
May3g-basal,200,194,282.936843,0.685665
May3g-basal,220,61,100.942933,0.604302
May3g-basal,240,8,21.371922,0.374323
May3h-basal,20,67,179.833429,0.372567
May3h-basal,40,339,391.232657,0.866492
May3h-basal,60,378,441.319530,0.856522
May3h-basal,80,333,363.367215,0.916428
May3h-basal,100,301,340.000000,0.885294
May3h-basal,120,251,310.213471,0.809120
May3h-basal,140,182,227.273534,0.800797
May3h-basal,160,113,172.475809,0.655164
May3h-basal,180,61,73.239807,0.832880
May3h-basal,200,14,22.516384,0.621769
May3g-apical,20,0,22.394236,0.000000
May3g-apical,40,10,59.128089,0.169124
May3g-apical,60,99,163.525498,0.605410
May3g-apical,80,164,223.398530,0.734114
May3g-apical,100,203,300.105606,0.676429
May3g-apical,120,247,349.738754,0.706241
May3g-apical,140,166,304.262469,0.545582
May3g-apical,160,190,299.704811,0.633957
May3g-apical,180,224,259.775010,0.862285
May3g-apical,200,184,234.975493,0.783060
May3g-apical,220,193,258.389268,0.746935
May3g-apical,240,219,240.431819,0.910861
May3g-apical,260,187,153.155700,1.220980
May3g-apical,280,174,154.121271,1.128981
May3g-apical,300,124,140.000000,0.885714
May3g-apical,320,72,144.560465,0.498061
May3g-apical,340,101,156.247831,0.646409
May3g-apical,360,103,140.000000,0.735714
May3g-apical,380,85,132.247959,0.642732
May3g-apical,400,74,108.729704,0.680587
May3g-apical,420,50,80.000000,0.625000
May3g-apical,440,77,80.000000,0.962500
May3g-apical,460,59,77.534287,0.760954
May3g-apical,480,68,88.296930,0.770129
May3g-apical,500,66,100.000000,0.660000
May3g-apical,520,70,100.373489,0.697395
May3g-apical,540,73,120.000000,0.608333
May3g-apical,560,63,120.000000,0.525000
May3g-apical,580,69,120.000000,0.575000
May3g-apical,600,76,154.813772,0.490912
May3g-apical,620,101,200.000000,0.505000
May3g-apical,640,84,200.000000,0.420000
May3g-apical,660,91,203.200786,0.447833
May3g-apical,680,98,217.538418,0.450495
May3g-apical,700,98,217.776581,0.450002
May3g-apical,720,73,178.982986,0.407860
May3g-apical,740,42,111.852407,0.375495
May3g-apical,760,47,89.674294,0.524119
May3g-apical,780,8,25.776840,0.310356
May3g-apical,800,4,20.000000,0.200000
May3h-apical,20,0,20.000000,0.000000
May3h-apical,40,11,30.494765,0.360718
May3h-apical,60,61,76.697854,0.795329
May3h-apical,80,157,155.344655,1.010656
May3h-apical,100,158,235.872888,0.669852
May3h-apical,120,157,219.905261,0.713944
May3h-apical,140,124,194.307956,0.638162
May3h-apical,160,119,151.115206,0.787479
May3h-apical,180,127,179.313744,0.708256
May3h-apical,200,131,189.606124,0.690906
May3h-apical,220,125,173.124348,0.722024
May3h-apical,240,141,169.004528,0.834297
May3h-apical,260,123,167.242643,0.735458
May3h-apical,280,104,160.000000,0.650000
May3h-apical,300,130,156.027365,0.833187
May3h-apical,320,105,177.446188,0.591729
May3h-apical,340,123,209.970133,0.585798
May3h-apical,360,135,220.000000,0.613636
May3h-apical,380,122,191.963790,0.635537
May3h-apical,400,130,195.193809,0.666005
May3h-apical,420,163,183.902238,0.886340
May3h-apical,440,144,168.353047,0.855345
May3h-apical,460,136,143.157626,0.950002
May3h-apical,480,135,143.537176,0.940523
May3h-apical,500,79,83.320743,0.948143
May3h-apical,520,64,79.251178,0.807559
May3h-apical,540,27,33.915883,0.796087
May3h-apical,560,8,16.564479,0.482961
May3i-basal,20,23,181.502062,0.126720
May3i-basal,40,185,382.916477,0.483134
May3i-basal,60,302,440.177181,0.686087
May3i-basal,80,271,381.361786,0.710611
May3i-basal,100,186,317.648393,0.585553
May3i-basal,120,139,261.463696,0.531623
May3i-basal,140,120,204.002925,0.588227
May3i-basal,160,66,154.759625,0.426468
May3i-basal,180,42,95.834904,0.438254
May3i-basal,200,21,35.085377,0.598540
May3t-basal,20,29,210.092553,0.138034
May3t-basal,40,289,436.947021,0.661407
May3t-basal,60,724,678.542270,1.066993
May3t-basal,80,675,638.847682,1.056590
May3t-basal,100,510,462.808781,1.101967
May3t-basal,120,439,414.574541,1.058917
May3t-basal,140,361,363.145902,0.994091
May3t-basal,160,353,353.776235,0.997806
May3t-basal,180,307,328.656385,0.934106
May3t-basal,200,198,236.054334,0.838790
May3t-basal,220,92,92.170681,0.998148
May3t-basal,240,27,29.661487,0.910271
May3t-basal,260,9,12.597731,0.714414
May3t-apical,20,2,38.074613,0.052528
May3t-apical,40,36,100.005393,0.359981
May3t-apical,60,264,252.072305,1.047319
May3t-apical,80,355,317.592096,1.117786
May3t-apical,100,440,356.796909,1.233195
May3t-apical,120,496,373.563855,1.327752
May3t-apical,140,428,401.595849,1.065748
May3t-apical,160,383,418.737660,0.914654
May3t-apical,180,337,369.486273,0.912077
May3t-apical,200,348,335.039407,1.038684
May3t-apical,220,299,281.390127,1.062582
May3t-apical,240,258,219.440317,1.175718
May3t-apical,260,154,144.435270,1.066222
May3t-apical,280,147,124.992383,1.176072
May3t-apical,300,171,120.161534,1.423084
May3t-apical,320,161,120.000000,1.341667
May3t-apical,340,147,120.000000,1.225000
May3t-apical,360,113,120.000000,0.941667
May3t-apical,380,86,88.680075,0.969778
May3t-apical,400,87,99.330906,0.875860
May3t-apical,420,82,88.038629,0.931409
May3t-apical,440,79,104.937944,0.752826
May3t-apical,460,103,140.000000,0.735714
May3t-apical,480,118,141.057320,0.836539
May3t-apical,500,91,140.832653,0.646157
May3t-apical,520,99,140.414107,0.705057
May3t-apical,540,116,140.000000,0.828571
May3t-apical,560,110,140.000000,0.785714
May3t-apical,580,105,139.118412,0.754753
May3t-apical,600,85,100.000000,0.850000
May3t-apical,620,84,93.338856,0.899947
May3t-apical,640,69,65.094842,1.059992
May3t-apical,660,34,42.248575,0.804761
May3i-apical,20,0,21.359663,0.000000
May3i-apical,40,18,77.674851,0.231735
May3i-apical,60,71,149.648893,0.474444
May3i-apical,80,126,209.932009,0.600194
May3i-apical,100,168,263.103451,0.638532
May3i-apical,120,157,265.507548,0.591320
May3i-apical,140,174,272.912911,0.637566
May3i-apical,160,149,249.041835,0.598293
May3i-apical,180,119,234.637240,0.507166
May3i-apical,200,131,187.030644,0.700420
May3i-apical,220,111,150.301658,0.738515
May3i-apical,240,84,125.280881,0.670493
May3i-apical,260,57,108.693383,0.524411
May3i-apical,280,43,108.543673,0.396154
May3i-apical,300,56,119.828535,0.467334
May3i-apical,320,50,100.000000,0.500000
May3i-apical,340,64,110.288913,0.580294
May3i-apical,360,63,122.427559,0.514590
May3i-apical,380,79,138.029486,0.572341
May3i-apical,400,94,188.832695,0.497795
May3i-apical,420,98,211.238628,0.463930
May3i-apical,440,109,222.121332,0.490723
May3i-apical,460,145,252.277605,0.574764
May3i-apical,480,117,262.368483,0.445938
May3i-apical,500,134,260.000000,0.515385
May3i-apical,520,119,260.677912,0.456502
May3i-apical,540,112,242.074574,0.462667
May3i-apical,560,86,217.730708,0.394983
May3i-apical,580,77,145.721680,0.528405
May3i-apical,600,53,116.810077,0.453728
May3i-apical,620,21,50.919780,0.412413
May3x-basal,20,18,153.775173,0.117054
May3x-basal,40,161,372.896795,0.431755
May3x-basal,60,173,345.001867,0.501447
May3x-basal,80,177,237.323059,0.745819
May3x-basal,100,132,160.000000,0.825000
May3x-basal,120,84,140.095340,0.599592
May3x-basal,140,63,130.314459,0.483446
May3x-basal,160,42,72.767499,0.577181
May3x-basal,180,17,30.730852,0.553190
May3x-apical,20,7,19.974681,0.350444
May3x-apical,40,23,37.208397,0.618140
May3x-apical,60,61,85.446286,0.713899
May3x-apical,80,125,130.408143,0.958529
May3x-apical,100,110,135.103335,0.814192
May3x-apical,120,169,156.519939,1.079735
May3x-apical,140,167,184.715646,0.904092
May3x-apical,160,173,207.448760,0.833941
May3x-apical,180,162,205.723748,0.787464
May3x-apical,200,142,191.653085,0.740922
May3x-apical,220,114,171.374582,0.665209
May3x-apical,240,103,168.748371,0.610376
May3x-apical,260,92,180.000000,0.511111
May3x-apical,280,95,180.000000,0.527778
May3x-apical,300,99,180.000000,0.550000
May3x-apical,320,127,182.090681,0.697455
May3x-apical,340,96,160.475122,0.598224
May3x-apical,360,79,120.914024,0.653357
May3x-apical,380,60,88.848530,0.675307
May3x-apical,400,42,60.326985,0.696206
May3x-apical,420,22,35.858301,0.613526
May3j-basal,20,17,163.219984,0.104154
May3j-basal,40,272,359.431199,0.756751
May3j-basal,60,739,513.801901,1.438298
May3j-basal,80,1064,655.237262,1.623839
May3j-basal,100,1182,713.555148,1.656494
May3j-basal,120,967,633.834928,1.525634
May3j-basal,140,844,561.313966,1.503615
May3j-basal,160,666,525.191277,1.268109
May3j-basal,180,436,426.574392,1.022096
May3j-basal,200,307,348.078515,0.881985
May3j-basal,220,70,106.005430,0.660344
May3j-basal,240,17,21.355917,0.796032
May3j-apical,20,3,24.160091,0.124172
May3j-apical,40,38,83.399494,0.455638
May3j-apical,60,99,147.506395,0.671157
May3j-apical,80,365,263.326615,1.386111
May3j-apical,100,601,344.457467,1.744773
May3j-apical,120,722,389.956984,1.851486
May3j-apical,140,734,443.386416,1.655441
May3j-apical,160,687,430.024261,1.597584
May3j-apical,180,645,440.448929,1.464415
May3j-apical,200,499,421.367591,1.184239
May3j-apical,220,464,421.390525,1.101116
May3j-apical,240,396,358.633993,1.104190
May3j-apical,260,204,254.987902,0.800038
May3j-apical,280,98,151.597567,0.646448
May3j-apical,300,140,204.866432,0.683372
May3j-apical,320,138,206.495127,0.668297
May3j-apical,340,151,163.036767,0.926171
May3j-apical,360,177,175.260520,1.009925
May3j-apical,380,166,186.271909,0.891170
May3j-apical,400,210,188.702793,1.112861
May3j-apical,420,215,188.912795,1.138091
May3j-apical,440,212,200.000000,1.060000
May3j-apical,460,201,201.102380,0.999491
May3j-apical,480,229,220.000000,1.040909
May3j-apical,500,225,220.000000,1.022727
May3j-apical,520,207,201.228951,1.028679
May3j-apical,540,201,214.250530,0.938154
May3j-apical,560,257,244.804279,1.049818
May3j-apical,580,202,254.015538,0.795227
May3j-apical,600,204,239.714060,0.851014
May3j-apical,620,184,240.000000,0.766667
May3j-apical,640,158,231.636844,0.682102
May3j-apical,660,118,203.592965,0.579588
May3j-apical,680,86,193.131327,0.445293
May3j-apical,700,66,126.074226,0.523501
May3j-apical,720,25,51.488482,0.485545
May3j-apical,740,18,40.000000,0.450000
May3j-apical,760,15,38.469585,0.389918
May3j-apical,780,12,20.000000,0.600000
